{"_timestamp":1.7430814579416475e+09,"_wandb":{"runtime":3985},"train/lr":1.983801629944665e-05,"validation/fid_score":234.43028259277344,"train/epoch":19,"validation/grid_images":{"path":"media/images/validation/grid_images_3379_925dee9a74a1f8fc88a4.png","format":"png","width":512,"height":512,"_type":"image-file","sha256":"925dee9a74a1f8fc88a48f20a2fb63a5876b8d1a34082c0b9a99d7bb56c146fb","size":402399},"_step":3379,"train/batch_loss":0.006921912077814341,"validation/epoch":19,"_runtime":3860.737719109}